book,abbrev,biblicalOrder,chapter,verses
1+Chronicles,1 Chr,13,1,54
1+Chronicles,1 Chr,13,2,55
1+Chronicles,1 Chr,13,3,24
1+Chronicles,1 Chr,13,4,43
1+Chronicles,1 Chr,13,5,41
1+Chronicles,1 Chr,13,6,66
1+Chronicles,1 Chr,13,7,40
1+Chronicles,1 Chr,13,8,40
1+Chronicles,1 Chr,13,9,44
1+Chronicles,1 Chr,13,10,14
1+Chronicles,1 Chr,13,11,47
1+Chronicles,1 Chr,13,12,41
1+Chronicles,1 Chr,13,13,14
1+Chronicles,1 Chr,13,14,17
1+Chronicles,1 Chr,13,15,29
1+Chronicles,1 Chr,13,16,43
1+Chronicles,1 Chr,13,17,27
1+Chronicles,1 Chr,13,18,17
1+Chronicles,1 Chr,13,19,19
1+Chronicles,1 Chr,13,20,8
1+Chronicles,1 Chr,13,21,30
1+Chronicles,1 Chr,13,22,19
1+Chronicles,1 Chr,13,23,32
1+Chronicles,1 Chr,13,24,31
1+Chronicles,1 Chr,13,25,31
1+Chronicles,1 Chr,13,26,32
1+Chronicles,1 Chr,13,27,34
1+Chronicles,1 Chr,13,28,21
1+Chronicles,1 Chr,13,29,30
1+Corinthians,1 Cor,53,1,31
1+Corinthians,1 Cor,53,2,16
1+Corinthians,1 Cor,53,3,23
1+Corinthians,1 Cor,53,4,21
1+Corinthians,1 Cor,53,5,13
1+Corinthians,1 Cor,53,6,20
1+Corinthians,1 Cor,53,7,40
1+Corinthians,1 Cor,53,8,13
1+Corinthians,1 Cor,53,9,27
1+Corinthians,1 Cor,53,10,33
1+Corinthians,1 Cor,53,11,34
1+Corinthians,1 Cor,53,12,31
1+Corinthians,1 Cor,53,13,13
1+Corinthians,1 Cor,53,14,40
1+Corinthians,1 Cor,53,15,58
1+Corinthians,1 Cor,53,16,24
1+John,1 Jn,69,1,10
1+John,1 Jn,69,2,29
1+John,1 Jn,69,3,24
1+John,1 Jn,69,4,21
1+John,1 Jn,69,5,21
1+Kings,1 Kgs,11,1,53
1+Kings,1 Kgs,11,2,46
1+Kings,1 Kgs,11,3,28
1+Kings,1 Kgs,11,4,20
1+Kings,1 Kgs,11,5,32
1+Kings,1 Kgs,11,6,38
1+Kings,1 Kgs,11,7,51
1+Kings,1 Kgs,11,8,66
1+Kings,1 Kgs,11,9,28
1+Kings,1 Kgs,11,10,29
1+Kings,1 Kgs,11,11,43
1+Kings,1 Kgs,11,12,33
1+Kings,1 Kgs,11,13,34
1+Kings,1 Kgs,11,14,31
1+Kings,1 Kgs,11,15,34
1+Kings,1 Kgs,11,16,34
1+Kings,1 Kgs,11,17,24
1+Kings,1 Kgs,11,18,46
1+Kings,1 Kgs,11,19,21
1+Kings,1 Kgs,11,20,43
1+Kings,1 Kgs,11,21,29
1+Kings,1 Kgs,11,22,54
1+Maccabees,1 Mc,20,1,63
1+Maccabees,1 Mc,20,2,70
1+Maccabees,1 Mc,20,3,59
1+Maccabees,1 Mc,20,4,61
1+Maccabees,1 Mc,20,5,68
1+Maccabees,1 Mc,20,6,63
1+Maccabees,1 Mc,20,7,50
1+Maccabees,1 Mc,20,8,32
1+Maccabees,1 Mc,20,9,73
1+Maccabees,1 Mc,20,10,89
1+Maccabees,1 Mc,20,11,74
1+Maccabees,1 Mc,20,12,53
1+Maccabees,1 Mc,20,13,53
1+Maccabees,1 Mc,20,14,49
1+Maccabees,1 Mc,20,15,41
1+Maccabees,1 Mc,20,16,24
1+Peter,1 Pt,67,1,25
1+Peter,1 Pt,67,2,25
1+Peter,1 Pt,67,3,22
1+Peter,1 Pt,67,4,19
1+Peter,1 Pt,67,5,14
1+Samuel,1 Sm,9,1,28
1+Samuel,1 Sm,9,2,36
1+Samuel,1 Sm,9,3,21
1+Samuel,1 Sm,9,4,22
1+Samuel,1 Sm,9,5,12
1+Samuel,1 Sm,9,6,21
1+Samuel,1 Sm,9,7,17
1+Samuel,1 Sm,9,8,22
1+Samuel,1 Sm,9,9,27
1+Samuel,1 Sm,9,10,27
1+Samuel,1 Sm,9,11,15
1+Samuel,1 Sm,9,12,25
1+Samuel,1 Sm,9,13,23
1+Samuel,1 Sm,9,14,52
1+Samuel,1 Sm,9,15,35
1+Samuel,1 Sm,9,16,23
1+Samuel,1 Sm,9,17,58
1+Samuel,1 Sm,9,18,30
1+Samuel,1 Sm,9,19,24
1+Samuel,1 Sm,9,20,42
1+Samuel,1 Sm,9,21,16
1+Samuel,1 Sm,9,22,23
1+Samuel,1 Sm,9,23,28
1+Samuel,1 Sm,9,24,23
1+Samuel,1 Sm,9,25,43
1+Samuel,1 Sm,9,26,25
1+Samuel,1 Sm,9,27,12
1+Samuel,1 Sm,9,28,25
1+Samuel,1 Sm,9,29,11
1+Samuel,1 Sm,9,30,31
1+Samuel,1 Sm,9,31,13
1+Thessalonians,1 Thes,59,1,10
1+Thessalonians,1 Thes,59,2,20
1+Thessalonians,1 Thes,59,3,13
1+Thessalonians,1 Thes,59,4,18
1+Thessalonians,1 Thes,59,5,28
1+Timothy,1 Tm,61,1,20
1+Timothy,1 Tm,61,2,15
1+Timothy,1 Tm,61,3,16
1+Timothy,1 Tm,61,4,16
1+Timothy,1 Tm,61,5,25
1+Timothy,1 Tm,61,6,21
2+Chronicles,2 Chr,14,1,18
2+Chronicles,2 Chr,14,2,17
2+Chronicles,2 Chr,14,3,17
2+Chronicles,2 Chr,14,4,22
2+Chronicles,2 Chr,14,5,14
2+Chronicles,2 Chr,14,6,42
2+Chronicles,2 Chr,14,7,22
2+Chronicles,2 Chr,14,8,18
2+Chronicles,2 Chr,14,9,31
2+Chronicles,2 Chr,14,10,19
2+Chronicles,2 Chr,14,11,23
2+Chronicles,2 Chr,14,12,16
2+Chronicles,2 Chr,14,13,23
2+Chronicles,2 Chr,14,14,14
2+Chronicles,2 Chr,14,15,19
2+Chronicles,2 Chr,14,16,14
2+Chronicles,2 Chr,14,17,19
2+Chronicles,2 Chr,14,18,34
2+Chronicles,2 Chr,14,19,11
2+Chronicles,2 Chr,14,20,37
2+Chronicles,2 Chr,14,21,20
2+Chronicles,2 Chr,14,22,12
2+Chronicles,2 Chr,14,23,21
2+Chronicles,2 Chr,14,24,27
2+Chronicles,2 Chr,14,25,28
2+Chronicles,2 Chr,14,26,23
2+Chronicles,2 Chr,14,27,9
2+Chronicles,2 Chr,14,28,27
2+Chronicles,2 Chr,14,29,36
2+Chronicles,2 Chr,14,30,27
2+Chronicles,2 Chr,14,31,21
2+Chronicles,2 Chr,14,32,33
2+Chronicles,2 Chr,14,33,25
2+Chronicles,2 Chr,14,34,33
2+Chronicles,2 Chr,14,35,26
2+Chronicles,2 Chr,14,36,23
2+Corinthians,2 Cor,54,1,24
2+Corinthians,2 Cor,54,2,17
2+Corinthians,2 Cor,54,3,18
2+Corinthians,2 Cor,54,4,18
2+Corinthians,2 Cor,54,5,21
2+Corinthians,2 Cor,54,6,18
2+Corinthians,2 Cor,54,7,16
2+Corinthians,2 Cor,54,8,24
2+Corinthians,2 Cor,54,9,15
2+Corinthians,2 Cor,54,10,18
2+Corinthians,2 Cor,54,11,33
2+Corinthians,2 Cor,54,12,21
2+Corinthians,2 Cor,54,13,13
2+John,2 Jn,70,1,13
2+Kings,2 Kgs,12,1,18
2+Kings,2 Kgs,12,2,25
2+Kings,2 Kgs,12,3,27
2+Kings,2 Kgs,12,4,44
2+Kings,2 Kgs,12,5,27
2+Kings,2 Kgs,12,6,33
2+Kings,2 Kgs,12,7,20
2+Kings,2 Kgs,12,8,29
2+Kings,2 Kgs,12,9,37
2+Kings,2 Kgs,12,10,36
2+Kings,2 Kgs,12,11,20
2+Kings,2 Kgs,12,12,22
2+Kings,2 Kgs,12,13,25
2+Kings,2 Kgs,12,14,29
2+Kings,2 Kgs,12,15,38
2+Kings,2 Kgs,12,16,20
2+Kings,2 Kgs,12,17,41
2+Kings,2 Kgs,12,18,37
2+Kings,2 Kgs,12,19,37
2+Kings,2 Kgs,12,20,21
2+Kings,2 Kgs,12,21,26
2+Kings,2 Kgs,12,22,20
2+Kings,2 Kgs,12,23,37
2+Kings,2 Kgs,12,24,20
2+Kings,2 Kgs,12,25,30
2+Maccabees,2 Mc,21,1,36
2+Maccabees,2 Mc,21,2,32
2+Maccabees,2 Mc,21,3,40
2+Maccabees,2 Mc,21,4,50
2+Maccabees,2 Mc,21,5,27
2+Maccabees,2 Mc,21,6,31
2+Maccabees,2 Mc,21,7,42
2+Maccabees,2 Mc,21,8,36
2+Maccabees,2 Mc,21,9,29
2+Maccabees,2 Mc,21,10,38
2+Maccabees,2 Mc,21,11,38
2+Maccabees,2 Mc,21,12,46
2+Maccabees,2 Mc,21,13,26
2+Maccabees,2 Mc,21,14,46
2+Maccabees,2 Mc,21,15,39
2+Peter,2 Pt,68,1,21
2+Peter,2 Pt,68,2,22
2+Peter,2 Pt,68,3,18
2+Samuel,2 Sm,10,1,27
2+Samuel,2 Sm,10,2,32
2+Samuel,2 Sm,10,3,39
2+Samuel,2 Sm,10,4,12
2+Samuel,2 Sm,10,5,25
2+Samuel,2 Sm,10,6,23
2+Samuel,2 Sm,10,7,29
2+Samuel,2 Sm,10,8,18
2+Samuel,2 Sm,10,9,13
2+Samuel,2 Sm,10,10,19
2+Samuel,2 Sm,10,11,27
2+Samuel,2 Sm,10,12,31
2+Samuel,2 Sm,10,13,39
2+Samuel,2 Sm,10,14,33
2+Samuel,2 Sm,10,15,37
2+Samuel,2 Sm,10,16,23
2+Samuel,2 Sm,10,17,29
2+Samuel,2 Sm,10,18,32
2+Samuel,2 Sm,10,19,44
2+Samuel,2 Sm,10,20,26
2+Samuel,2 Sm,10,21,22
2+Samuel,2 Sm,10,22,51
2+Samuel,2 Sm,10,23,39
2+Samuel,2 Sm,10,24,25
2+Thessalonians,2 Thes,60,1,12
2+Thessalonians,2 Thes,60,2,17
2+Thessalonians,2 Thes,60,3,18
2+Timothy,2 Tm,62,1,18
2+Timothy,2 Tm,62,2,26
2+Timothy,2 Tm,62,3,17
2+Timothy,2 Tm,62,4,22
3+John,3 Jn,71,1,15
Acts+of+the+Apostles,Acts,51,1,26
Acts+of+the+Apostles,Acts,51,2,47
Acts+of+the+Apostles,Acts,51,3,26
Acts+of+the+Apostles,Acts,51,4,37
Acts+of+the+Apostles,Acts,51,5,42
Acts+of+the+Apostles,Acts,51,6,15
Acts+of+the+Apostles,Acts,51,7,60
Acts+of+the+Apostles,Acts,51,8,40
Acts+of+the+Apostles,Acts,51,9,43
Acts+of+the+Apostles,Acts,51,10,48
Acts+of+the+Apostles,Acts,51,11,30
Acts+of+the+Apostles,Acts,51,12,25
Acts+of+the+Apostles,Acts,51,13,52
Acts+of+the+Apostles,Acts,51,14,28
Acts+of+the+Apostles,Acts,51,15,41
Acts+of+the+Apostles,Acts,51,16,40
Acts+of+the+Apostles,Acts,51,17,34
Acts+of+the+Apostles,Acts,51,18,28
Acts+of+the+Apostles,Acts,51,19,40
Acts+of+the+Apostles,Acts,51,20,38
Acts+of+the+Apostles,Acts,51,21,40
Acts+of+the+Apostles,Acts,51,22,30
Acts+of+the+Apostles,Acts,51,23,35
Acts+of+the+Apostles,Acts,51,24,27
Acts+of+the+Apostles,Acts,51,25,27
Acts+of+the+Apostles,Acts,51,26,32
Acts+of+the+Apostles,Acts,51,27,44
Acts+of+the+Apostles,Acts,51,28,31
Amos,Am,37,1,15
Amos,Am,37,2,16
Amos,Am,37,3,15
Amos,Am,37,4,13
Amos,Am,37,5,27
Amos,Am,37,6,14
Amos,Am,37,7,17
Amos,Am,37,8,14
Amos,Am,37,9,15
Baruch,Bar,32,1,22
Baruch,Bar,32,2,35
Baruch,Bar,32,3,38
Baruch,Bar,32,4,37
Baruch,Bar,32,5,9
Baruch,Bar,32,6,72
Colossians,Col,58,1,29
Colossians,Col,58,2,23
Colossians,Col,58,3,25
Colossians,Col,58,4,18
Daniel,Dn,34,1,21
Daniel,Dn,34,2,49
Daniel,Dn,34,3,100
Daniel,Dn,34,4,34
Daniel,Dn,34,5,30
Daniel,Dn,34,6,29
Daniel,Dn,34,7,28
Daniel,Dn,34,8,27
Daniel,Dn,34,9,27
Daniel,Dn,34,10,21
Daniel,Dn,34,11,45
Daniel,Dn,34,12,13
Daniel,Dn,34,13,64
Daniel,Dn,34,14,42
Deuteronomy,Dt,5,1,46
Deuteronomy,Dt,5,2,37
Deuteronomy,Dt,5,3,29
Deuteronomy,Dt,5,4,49
Deuteronomy,Dt,5,5,33
Deuteronomy,Dt,5,6,25
Deuteronomy,Dt,5,7,26
Deuteronomy,Dt,5,8,20
Deuteronomy,Dt,5,9,29
Deuteronomy,Dt,5,10,22
Deuteronomy,Dt,5,11,32
Deuteronomy,Dt,5,12,31
Deuteronomy,Dt,5,13,19
Deuteronomy,Dt,5,14,29
Deuteronomy,Dt,5,15,23
Deuteronomy,Dt,5,16,22
Deuteronomy,Dt,5,17,20
Deuteronomy,Dt,5,18,22
Deuteronomy,Dt,5,19,21
Deuteronomy,Dt,5,20,20
Deuteronomy,Dt,5,21,23
Deuteronomy,Dt,5,22,29
Deuteronomy,Dt,5,23,26
Deuteronomy,Dt,5,24,22
Deuteronomy,Dt,5,25,19
Deuteronomy,Dt,5,26,19
Deuteronomy,Dt,5,27,26
Deuteronomy,Dt,5,28,69
Deuteronomy,Dt,5,29,28
Deuteronomy,Dt,5,30,20
Deuteronomy,Dt,5,31,30
Deuteronomy,Dt,5,32,52
Deuteronomy,Dt,5,33,29
Deuteronomy,Dt,5,34,12
Ecclesiastes,Eccl,25,1,18
Ecclesiastes,Eccl,25,2,26
Ecclesiastes,Eccl,25,3,22
Ecclesiastes,Eccl,25,4,17
Ecclesiastes,Eccl,25,5,19
Ecclesiastes,Eccl,25,6,12
Ecclesiastes,Eccl,25,7,29
Ecclesiastes,Eccl,25,8,17
Ecclesiastes,Eccl,25,9,18
Ecclesiastes,Eccl,25,10,20
Ecclesiastes,Eccl,25,11,10
Ecclesiastes,Eccl,25,12,14
Ephesians,Eph,56,1,23
Ephesians,Eph,56,2,22
Ephesians,Eph,56,3,21
Ephesians,Eph,56,4,32
Ephesians,Eph,56,5,33
Ephesians,Eph,56,6,24
Esther,Est,19,1,22
Esther,Est,19,2,23
Esther,Est,19,3,15
Esther,Est,19,4,17
Esther,Est,19,5,14
Esther,Est,19,6,14
Esther,Est,19,7,10
Esther,Est,19,8,17
Esther,Est,19,9,32
Esther,Est,19,10,3
Esther,Est,19,11,17
Esther,Est,19,12,8
Esther,Est,19,13,30
Esther,Est,19,14,16
Esther,Est,19,15,24
Esther,Est,19,16,10
Exodus,Ex,2,1,22
Exodus,Ex,2,2,25
Exodus,Ex,2,3,22
Exodus,Ex,2,4,31
Exodus,Ex,2,5,23
Exodus,Ex,2,6,30
Exodus,Ex,2,7,29
Exodus,Ex,2,8,28
Exodus,Ex,2,9,35
Exodus,Ex,2,10,29
Exodus,Ex,2,11,10
Exodus,Ex,2,12,51
Exodus,Ex,2,13,22
Exodus,Ex,2,14,31
Exodus,Ex,2,15,27
Exodus,Ex,2,16,36
Exodus,Ex,2,17,16
Exodus,Ex,2,18,27
Exodus,Ex,2,19,25
Exodus,Ex,2,20,26
Exodus,Ex,2,21,37
Exodus,Ex,2,22,30
Exodus,Ex,2,23,33
Exodus,Ex,2,24,18
Exodus,Ex,2,25,40
Exodus,Ex,2,26,37
Exodus,Ex,2,27,21
Exodus,Ex,2,28,43
Exodus,Ex,2,29,46
Exodus,Ex,2,30,38
Exodus,Ex,2,31,18
Exodus,Ex,2,32,35
Exodus,Ex,2,33,23
Exodus,Ex,2,34,35
Exodus,Ex,2,35,35
Exodus,Ex,2,36,38
Exodus,Ex,2,37,29
Exodus,Ex,2,38,31
Exodus,Ex,2,39,43
Exodus,Ex,2,40,38
Ezekiel,Ez,33,1,28
Ezekiel,Ez,33,2,10
Ezekiel,Ez,33,3,27
Ezekiel,Ez,33,4,17
Ezekiel,Ez,33,5,17
Ezekiel,Ez,33,6,14
Ezekiel,Ez,33,7,27
Ezekiel,Ez,33,8,18
Ezekiel,Ez,33,9,11
Ezekiel,Ez,33,10,22
Ezekiel,Ez,33,11,25
Ezekiel,Ez,33,12,28
Ezekiel,Ez,33,13,23
Ezekiel,Ez,33,14,23
Ezekiel,Ez,33,15,8
Ezekiel,Ez,33,16,63
Ezekiel,Ez,33,17,24
Ezekiel,Ez,33,18,32
Ezekiel,Ez,33,19,14
Ezekiel,Ez,33,20,44
Ezekiel,Ez,33,21,37
Ezekiel,Ez,33,22,31
Ezekiel,Ez,33,23,49
Ezekiel,Ez,33,24,27
Ezekiel,Ez,33,25,17
Ezekiel,Ez,33,26,21
Ezekiel,Ez,33,27,36
Ezekiel,Ez,33,28,26
Ezekiel,Ez,33,29,21
Ezekiel,Ez,33,30,26
Ezekiel,Ez,33,31,18
Ezekiel,Ez,33,32,32
Ezekiel,Ez,33,33,33
Ezekiel,Ez,33,34,31
Ezekiel,Ez,33,35,15
Ezekiel,Ez,33,36,38
Ezekiel,Ez,33,37,28
Ezekiel,Ez,33,38,23
Ezekiel,Ez,33,39,29
Ezekiel,Ez,33,40,49
Ezekiel,Ez,33,41,26
Ezekiel,Ez,33,42,20
Ezekiel,Ez,33,43,27
Ezekiel,Ez,33,44,31
Ezekiel,Ez,33,45,25
Ezekiel,Ez,33,46,24
Ezekiel,Ez,33,47,23
Ezekiel,Ez,33,48,35
Ezra,Ezr,15,1,11
Ezra,Ezr,15,2,70
Ezra,Ezr,15,3,13
Ezra,Ezr,15,4,24
Ezra,Ezr,15,5,17
Ezra,Ezr,15,6,22
Ezra,Ezr,15,7,28
Ezra,Ezr,15,8,36
Ezra,Ezr,15,9,15
Ezra,Ezr,15,10,44
Galatians,Gal,55,1,24
Galatians,Gal,55,2,21
Galatians,Gal,55,3,29
Galatians,Gal,55,4,31
Galatians,Gal,55,5,26
Galatians,Gal,55,6,18
Genesis,Gn,1,1,31
Genesis,Gn,1,2,25
Genesis,Gn,1,3,24
Genesis,Gn,1,4,26
Genesis,Gn,1,5,32
Genesis,Gn,1,6,22
Genesis,Gn,1,7,24
Genesis,Gn,1,8,22
Genesis,Gn,1,9,29
Genesis,Gn,1,10,32
Genesis,Gn,1,11,32
Genesis,Gn,1,12,20
Genesis,Gn,1,13,18
Genesis,Gn,1,14,24
Genesis,Gn,1,15,21
Genesis,Gn,1,16,16
Genesis,Gn,1,17,27
Genesis,Gn,1,18,33
Genesis,Gn,1,19,38
Genesis,Gn,1,20,18
Genesis,Gn,1,21,34
Genesis,Gn,1,22,24
Genesis,Gn,1,23,20
Genesis,Gn,1,24,67
Genesis,Gn,1,25,34
Genesis,Gn,1,26,35
Genesis,Gn,1,27,46
Genesis,Gn,1,28,22
Genesis,Gn,1,29,35
Genesis,Gn,1,30,43
Genesis,Gn,1,31,54
Genesis,Gn,1,32,33
Genesis,Gn,1,33,20
Genesis,Gn,1,34,31
Genesis,Gn,1,35,29
Genesis,Gn,1,36,43
Genesis,Gn,1,37,36
Genesis,Gn,1,38,30
Genesis,Gn,1,39,23
Genesis,Gn,1,40,23
Genesis,Gn,1,41,57
Genesis,Gn,1,42,38
Genesis,Gn,1,43,34
Genesis,Gn,1,44,34
Genesis,Gn,1,45,28
Genesis,Gn,1,46,34
Genesis,Gn,1,47,31
Genesis,Gn,1,48,22
Genesis,Gn,1,49,33
Genesis,Gn,1,50,26
Habakkuk,Hb,42,1,17
Habakkuk,Hb,42,2,20
Habakkuk,Hb,42,3,19
Haggai,Hg,45,1,15
Haggai,Hg,45,2,23
Hebrews,Heb,65,1,14
Hebrews,Heb,65,2,18
Hebrews,Heb,65,3,19
Hebrews,Heb,65,4,16
Hebrews,Heb,65,5,14
Hebrews,Heb,65,6,20
Hebrews,Heb,65,7,28
Hebrews,Heb,65,8,13
Hebrews,Heb,65,9,28
Hebrews,Heb,65,10,39
Hebrews,Heb,65,11,40
Hebrews,Heb,65,12,29
Hebrews,Heb,65,13,25
Hosea,Hos,35,1,9
Hosea,Hos,35,2,25
Hosea,Hos,35,3,5
Hosea,Hos,35,4,19
Hosea,Hos,35,5,15
Hosea,Hos,35,6,11
Hosea,Hos,35,7,16
Hosea,Hos,35,8,14
Hosea,Hos,35,9,17
Hosea,Hos,35,10,15
Hosea,Hos,35,11,11
Hosea,Hos,35,12,15
Hosea,Hos,35,13,15
Hosea,Hos,35,14,10
Isaiah,Is,29,1,31
Isaiah,Is,29,2,22
Isaiah,Is,29,3,26
Isaiah,Is,29,4,6
Isaiah,Is,29,5,30
Isaiah,Is,29,6,13
Isaiah,Is,29,7,25
Isaiah,Is,29,8,23
Isaiah,Is,29,9,20
Isaiah,Is,29,10,34
Isaiah,Is,29,11,16
Isaiah,Is,29,12,6
Isaiah,Is,29,13,22
Isaiah,Is,29,14,32
Isaiah,Is,29,15,9
Isaiah,Is,29,16,14
Isaiah,Is,29,17,14
Isaiah,Is,29,18,7
Isaiah,Is,29,19,25
Isaiah,Is,29,20,6
Isaiah,Is,29,21,17
Isaiah,Is,29,22,25
Isaiah,Is,29,23,18
Isaiah,Is,29,24,23
Isaiah,Is,29,25,12
Isaiah,Is,29,26,21
Isaiah,Is,29,27,13
Isaiah,Is,29,28,29
Isaiah,Is,29,29,24
Isaiah,Is,29,30,33
Isaiah,Is,29,31,9
Isaiah,Is,29,32,20
Isaiah,Is,29,33,24
Isaiah,Is,29,34,17
Isaiah,Is,29,35,10
Isaiah,Is,29,36,22
Isaiah,Is,29,37,38
Isaiah,Is,29,38,22
Isaiah,Is,29,39,8
Isaiah,Is,29,40,31
Isaiah,Is,29,41,29
Isaiah,Is,29,42,25
Isaiah,Is,29,43,28
Isaiah,Is,29,44,28
Isaiah,Is,29,45,25
Isaiah,Is,29,46,13
Isaiah,Is,29,47,15
Isaiah,Is,29,48,22
Isaiah,Is,29,49,26
Isaiah,Is,29,50,11
Isaiah,Is,29,51,23
Isaiah,Is,29,52,15
Isaiah,Is,29,53,12
Isaiah,Is,29,54,17
Isaiah,Is,29,55,13
Isaiah,Is,29,56,12
Isaiah,Is,29,57,21
Isaiah,Is,29,58,14
Isaiah,Is,29,59,21
Isaiah,Is,29,60,22
Isaiah,Is,29,61,11
Isaiah,Is,29,62,12
Isaiah,Is,29,63,19
Isaiah,Is,29,64,11
Isaiah,Is,29,65,25
Isaiah,Is,29,66,24
James,Jas,66,1,27
James,Jas,66,2,26
James,Jas,66,3,18
James,Jas,66,4,17
James,Jas,66,5,20
Jeremiah,Jer,30,1,19
Jeremiah,Jer,30,2,37
Jeremiah,Jer,30,3,25
Jeremiah,Jer,30,4,31
Jeremiah,Jer,30,5,31
Jeremiah,Jer,30,6,30
Jeremiah,Jer,30,7,34
Jeremiah,Jer,30,8,23
Jeremiah,Jer,30,9,25
Jeremiah,Jer,30,10,25
Jeremiah,Jer,30,11,23
Jeremiah,Jer,30,12,17
Jeremiah,Jer,30,13,27
Jeremiah,Jer,30,14,22
Jeremiah,Jer,30,15,21
Jeremiah,Jer,30,16,21
Jeremiah,Jer,30,17,27
Jeremiah,Jer,30,18,23
Jeremiah,Jer,30,19,15
Jeremiah,Jer,30,20,18
Jeremiah,Jer,30,21,14
Jeremiah,Jer,30,22,30
Jeremiah,Jer,30,23,40
Jeremiah,Jer,30,24,10
Jeremiah,Jer,30,25,38
Jeremiah,Jer,30,26,24
Jeremiah,Jer,30,27,22
Jeremiah,Jer,30,28,17
Jeremiah,Jer,30,29,32
Jeremiah,Jer,30,30,24
Jeremiah,Jer,30,31,40
Jeremiah,Jer,30,32,44
Jeremiah,Jer,30,33,26
Jeremiah,Jer,30,34,22
Jeremiah,Jer,30,35,19
Jeremiah,Jer,30,36,32
Jeremiah,Jer,30,37,21
Jeremiah,Jer,30,38,28
Jeremiah,Jer,30,39,18
Jeremiah,Jer,30,40,16
Jeremiah,Jer,30,41,18
Jeremiah,Jer,30,42,22
Jeremiah,Jer,30,43,13
Jeremiah,Jer,30,44,30
Jeremiah,Jer,30,45,5
Jeremiah,Jer,30,46,28
Jeremiah,Jer,30,47,7
Jeremiah,Jer,30,48,47
Jeremiah,Jer,30,49,39
Jeremiah,Jer,30,50,46
Jeremiah,Jer,30,51,64
Jeremiah,Jer,30,52,34
Job,Jb,22,1,22
Job,Jb,22,2,13
Job,Jb,22,3,26
Job,Jb,22,4,21
Job,Jb,22,5,27
Job,Jb,22,6,30
Job,Jb,22,7,21
Job,Jb,22,8,22
Job,Jb,22,9,35
Job,Jb,22,10,22
Job,Jb,22,11,20
Job,Jb,22,12,25
Job,Jb,22,13,28
Job,Jb,22,14,22
Job,Jb,22,15,35
Job,Jb,22,16,22
Job,Jb,22,17,16
Job,Jb,22,18,21
Job,Jb,22,19,29
Job,Jb,22,20,29
Job,Jb,22,21,34
Job,Jb,22,22,30
Job,Jb,22,23,17
Job,Jb,22,24,25
Job,Jb,22,25,6
Job,Jb,22,26,14
Job,Jb,22,27,21
Job,Jb,22,28,28
Job,Jb,22,29,25
Job,Jb,22,30,31
Job,Jb,22,31,40
Job,Jb,22,32,22
Job,Jb,22,33,33
Job,Jb,22,34,37
Job,Jb,22,35,16
Job,Jb,22,36,33
Job,Jb,22,37,24
Job,Jb,22,38,41
Job,Jb,22,39,30
Job,Jb,22,40,32
Job,Jb,22,41,26
Job,Jb,22,42,17
Joel,Jl,36,1,20
Joel,Jl,36,2,27
Joel,Jl,36,3,5
Joel,Jl,36,4,21
John,Jn,50,1,51
John,Jn,50,2,25
John,Jn,50,3,36
John,Jn,50,4,54
John,Jn,50,5,47
John,Jn,50,6,71
John,Jn,50,7,53
John,Jn,50,8,59
John,Jn,50,9,41
John,Jn,50,10,42
John,Jn,50,11,57
John,Jn,50,12,50
John,Jn,50,13,38
John,Jn,50,14,31
John,Jn,50,15,27
John,Jn,50,16,33
John,Jn,50,17,26
John,Jn,50,18,40
John,Jn,50,19,42
John,Jn,50,20,31
John,Jn,50,21,25
Jonah,Jon,39,1,16
Jonah,Jon,39,2,11
Jonah,Jon,39,3,10
Jonah,Jon,39,4,11
Joshua,Jos,6,1,18
Joshua,Jos,6,2,24
Joshua,Jos,6,3,17
Joshua,Jos,6,4,24
Joshua,Jos,6,5,15
Joshua,Jos,6,6,27
Joshua,Jos,6,7,26
Joshua,Jos,6,8,35
Joshua,Jos,6,9,27
Joshua,Jos,6,10,43
Joshua,Jos,6,11,23
Joshua,Jos,6,12,24
Joshua,Jos,6,13,33
Joshua,Jos,6,14,15
Joshua,Jos,6,15,63
Joshua,Jos,6,16,10
Joshua,Jos,6,17,18
Joshua,Jos,6,18,28
Joshua,Jos,6,19,51
Joshua,Jos,6,20,9
Joshua,Jos,6,21,45
Joshua,Jos,6,22,34
Joshua,Jos,6,23,16
Joshua,Jos,6,24,33
Jude,Jude,72,1,25
Judges,Jgs,7,1,36
Judges,Jgs,7,2,23
Judges,Jgs,7,3,31
Judges,Jgs,7,4,24
Judges,Jgs,7,5,31
Judges,Jgs,7,6,40
Judges,Jgs,7,7,25
Judges,Jgs,7,8,35
Judges,Jgs,7,9,57
Judges,Jgs,7,10,18
Judges,Jgs,7,11,40
Judges,Jgs,7,12,15
Judges,Jgs,7,13,25
Judges,Jgs,7,14,20
Judges,Jgs,7,15,20
Judges,Jgs,7,16,31
Judges,Jgs,7,17,13
Judges,Jgs,7,18,31
Judges,Jgs,7,19,30
Judges,Jgs,7,20,48
Judges,Jgs,7,21,25
Judith,Jdt,18,1,16
Judith,Jdt,18,2,28
Judith,Jdt,18,3,10
Judith,Jdt,18,4,15
Judith,Jdt,18,5,24
Judith,Jdt,18,6,21
Judith,Jdt,18,7,32
Judith,Jdt,18,8,36
Judith,Jdt,18,9,14
Judith,Jdt,18,10,23
Judith,Jdt,18,11,23
Judith,Jdt,18,12,20
Judith,Jdt,18,13,20
Judith,Jdt,18,14,19
Judith,Jdt,18,15,14
Judith,Jdt,18,16,25
Lamentations,Lam,31,1,22
Lamentations,Lam,31,2,22
Lamentations,Lam,31,3,66
Lamentations,Lam,31,4,22
Lamentations,Lam,31,5,22
Leviticus,Lv,3,1,17
Leviticus,Lv,3,2,16
Leviticus,Lv,3,3,17
Leviticus,Lv,3,4,35
Leviticus,Lv,3,5,26
Leviticus,Lv,3,6,23
Leviticus,Lv,3,7,38
Leviticus,Lv,3,8,36
Leviticus,Lv,3,9,24
Leviticus,Lv,3,10,20
Leviticus,Lv,3,11,47
Leviticus,Lv,3,12,8
Leviticus,Lv,3,13,59
Leviticus,Lv,3,14,57
Leviticus,Lv,3,15,33
Leviticus,Lv,3,16,34
Leviticus,Lv,3,17,16
Leviticus,Lv,3,18,30
Leviticus,Lv,3,19,37
Leviticus,Lv,3,20,27
Leviticus,Lv,3,21,24
Leviticus,Lv,3,22,33
Leviticus,Lv,3,23,44
Leviticus,Lv,3,24,23
Leviticus,Lv,3,25,55
Leviticus,Lv,3,26,46
Leviticus,Lv,3,27,34
Luke,Lk,49,1,80
Luke,Lk,49,2,52
Luke,Lk,49,3,38
Luke,Lk,49,4,44
Luke,Lk,49,5,39
Luke,Lk,49,6,49
Luke,Lk,49,7,50
Luke,Lk,49,8,56
Luke,Lk,49,9,62
Luke,Lk,49,10,42
Luke,Lk,49,11,54
Luke,Lk,49,12,59
Luke,Lk,49,13,35
Luke,Lk,49,14,35
Luke,Lk,49,15,32
Luke,Lk,49,16,31
Luke,Lk,49,17,37
Luke,Lk,49,18,43
Luke,Lk,49,19,48
Luke,Lk,49,20,47
Luke,Lk,49,21,38
Luke,Lk,49,22,71
Luke,Lk,49,23,56
Luke,Lk,49,24,53
Malachi,Mal,46,1,14
Malachi,Mal,46,2,17
Malachi,Mal,46,3,24
Mark,Mk,48,1,45
Mark,Mk,48,2,28
Mark,Mk,48,3,35
Mark,Mk,48,4,41
Mark,Mk,48,5,43
Mark,Mk,48,6,56
Mark,Mk,48,7,37
Mark,Mk,48,8,38
Mark,Mk,48,9,50
Mark,Mk,48,10,52
Mark,Mk,48,11,33
Mark,Mk,48,12,44
Mark,Mk,48,13,37
Mark,Mk,48,14,72
Mark,Mk,48,15,47
Mark,Mk,48,16,20
Matthew,Mt,47,1,25
Matthew,Mt,47,2,23
Matthew,Mt,47,3,17
Matthew,Mt,47,4,25
Matthew,Mt,47,5,48
Matthew,Mt,47,6,34
Matthew,Mt,47,7,29
Matthew,Mt,47,8,34
Matthew,Mt,47,9,38
Matthew,Mt,47,10,42
Matthew,Mt,47,11,30
Matthew,Mt,47,12,50
Matthew,Mt,47,13,58
Matthew,Mt,47,14,36
Matthew,Mt,47,15,39
Matthew,Mt,47,16,28
Matthew,Mt,47,17,27
Matthew,Mt,47,18,35
Matthew,Mt,47,19,30
Matthew,Mt,47,20,34
Matthew,Mt,47,21,46
Matthew,Mt,47,22,46
Matthew,Mt,47,23,39
Matthew,Mt,47,24,51
Matthew,Mt,47,25,46
Matthew,Mt,47,26,75
Matthew,Mt,47,27,66
Matthew,Mt,47,28,20
Micah,Mi,40,1,16
Micah,Mi,40,2,13
Micah,Mi,40,3,12
Micah,Mi,40,4,14
Micah,Mi,40,5,14
Micah,Mi,40,6,16
Micah,Mi,40,7,20
Nahum,Na,41,1,14
Nahum,Na,41,2,14
Nahum,Na,41,3,19
Nehemiah,Neh,16,1,11
Nehemiah,Neh,16,2,20
Nehemiah,Neh,16,3,38
Nehemiah,Neh,16,4,17
Nehemiah,Neh,16,5,19
Nehemiah,Neh,16,6,19
Nehemiah,Neh,16,7,72
Nehemiah,Neh,16,8,18
Nehemiah,Neh,16,9,37
Nehemiah,Neh,16,10,40
Nehemiah,Neh,16,11,36
Nehemiah,Neh,16,12,47
Nehemiah,Neh,16,13,31
Numbers,Nm,4,1,54
Numbers,Nm,4,2,34
Numbers,Nm,4,3,51
Numbers,Nm,4,4,49
Numbers,Nm,4,5,31
Numbers,Nm,4,6,27
Numbers,Nm,4,7,89
Numbers,Nm,4,8,26
Numbers,Nm,4,9,23
Numbers,Nm,4,10,36
Numbers,Nm,4,11,35
Numbers,Nm,4,12,16
Numbers,Nm,4,13,33
Numbers,Nm,4,14,45
Numbers,Nm,4,15,41
Numbers,Nm,4,16,35
Numbers,Nm,4,17,28
Numbers,Nm,4,18,32
Numbers,Nm,4,19,22
Numbers,Nm,4,20,29
Numbers,Nm,4,21,35
Numbers,Nm,4,22,41
Numbers,Nm,4,23,30
Numbers,Nm,4,24,25
Numbers,Nm,4,25,19
Numbers,Nm,4,26,65
Numbers,Nm,4,27,23
Numbers,Nm,4,28,31
Numbers,Nm,4,29,39
Numbers,Nm,4,30,17
Numbers,Nm,4,31,54
Numbers,Nm,4,32,42
Numbers,Nm,4,33,56
Numbers,Nm,4,34,29
Numbers,Nm,4,35,34
Numbers,Nm,4,36,13
Obadiah,Ob,38,1,21
Philemon,Phlm,64,1,25
Philippians,Phil,57,1,30
Philippians,Phil,57,2,30
Philippians,Phil,57,3,21
Philippians,Phil,57,4,23
Proverbs,Prv,24,1,33
Proverbs,Prv,24,2,22
Proverbs,Prv,24,3,35
Proverbs,Prv,24,4,27
Proverbs,Prv,24,5,23
Proverbs,Prv,24,6,35
Proverbs,Prv,24,7,27
Proverbs,Prv,24,8,36
Proverbs,Prv,24,9,18
Proverbs,Prv,24,10,32
Proverbs,Prv,24,11,31
Proverbs,Prv,24,12,28
Proverbs,Prv,24,13,25
Proverbs,Prv,24,14,35
Proverbs,Prv,24,15,33
Proverbs,Prv,24,16,33
Proverbs,Prv,24,17,28
Proverbs,Prv,24,18,24
Proverbs,Prv,24,19,29
Proverbs,Prv,24,20,30
Proverbs,Prv,24,21,31
Proverbs,Prv,24,22,29
Proverbs,Prv,24,23,35
Proverbs,Prv,24,24,34
Proverbs,Prv,24,25,28
Proverbs,Prv,24,26,28
Proverbs,Prv,24,27,27
Proverbs,Prv,24,28,28
Proverbs,Prv,24,29,27
Proverbs,Prv,24,30,33
Proverbs,Prv,24,31,31
Psalms,Ps,23,1,6
Psalms,Ps,23,2,12
Psalms,Ps,23,3,9
Psalms,Ps,23,4,9
Psalms,Ps,23,5,13
Psalms,Ps,23,6,11
Psalms,Ps,23,7,18
Psalms,Ps,23,8,10
Psalms,Ps,23,9,21
Psalms,Ps,23,10,18
Psalms,Ps,23,11,7
Psalms,Ps,23,12,9
Psalms,Ps,23,13,6
Psalms,Ps,23,14,7
Psalms,Ps,23,15,5
Psalms,Ps,23,16,11
Psalms,Ps,23,17,15
Psalms,Ps,23,18,51
Psalms,Ps,23,19,15
Psalms,Ps,23,20,10
Psalms,Ps,23,21,14
Psalms,Ps,23,22,32
Psalms,Ps,23,23,6
Psalms,Ps,23,24,10
Psalms,Ps,23,25,22
Psalms,Ps,23,26,12
Psalms,Ps,23,27,14
Psalms,Ps,23,28,9
Psalms,Ps,23,29,11
Psalms,Ps,23,30,13
Psalms,Ps,23,31,25
Psalms,Ps,23,32,11
Psalms,Ps,23,33,22
Psalms,Ps,23,34,23
Psalms,Ps,23,35,28
Psalms,Ps,23,36,13
Psalms,Ps,23,37,40
Psalms,Ps,23,38,23
Psalms,Ps,23,39,14
Psalms,Ps,23,40,18
Psalms,Ps,23,41,14
Psalms,Ps,23,42,12
Psalms,Ps,23,43,5
Psalms,Ps,23,44,27
Psalms,Ps,23,45,18
Psalms,Ps,23,46,12
Psalms,Ps,23,47,10
Psalms,Ps,23,48,15
Psalms,Ps,23,49,21
Psalms,Ps,23,50,23
Psalms,Ps,23,51,21
Psalms,Ps,23,52,11
Psalms,Ps,23,53,7
Psalms,Ps,23,54,9
Psalms,Ps,23,55,24
Psalms,Ps,23,56,14
Psalms,Ps,23,57,12
Psalms,Ps,23,58,12
Psalms,Ps,23,59,18
Psalms,Ps,23,60,14
Psalms,Ps,23,61,9
Psalms,Ps,23,62,13
Psalms,Ps,23,63,12
Psalms,Ps,23,64,11
Psalms,Ps,23,65,14
Psalms,Ps,23,66,20
Psalms,Ps,23,67,8
Psalms,Ps,23,68,36
Psalms,Ps,23,69,37
Psalms,Ps,23,70,6
Psalms,Ps,23,71,24
Psalms,Ps,23,72,20
Psalms,Ps,23,73,28
Psalms,Ps,23,74,23
Psalms,Ps,23,75,11
Psalms,Ps,23,76,13
Psalms,Ps,23,77,21
Psalms,Ps,23,78,72
Psalms,Ps,23,79,13
Psalms,Ps,23,80,20
Psalms,Ps,23,81,17
Psalms,Ps,23,82,8
Psalms,Ps,23,83,19
Psalms,Ps,23,84,13
Psalms,Ps,23,85,14
Psalms,Ps,23,86,17
Psalms,Ps,23,87,7
Psalms,Ps,23,88,19
Psalms,Ps,23,89,53
Psalms,Ps,23,90,17
Psalms,Ps,23,91,16
Psalms,Ps,23,92,16
Psalms,Ps,23,93,5
Psalms,Ps,23,94,23
Psalms,Ps,23,95,11
Psalms,Ps,23,96,13
Psalms,Ps,23,97,12
Psalms,Ps,23,98,9
Psalms,Ps,23,99,9
Psalms,Ps,23,100,5
Psalms,Ps,23,101,8
Psalms,Ps,23,102,29
Psalms,Ps,23,103,22
Psalms,Ps,23,104,35
Psalms,Ps,23,105,45
Psalms,Ps,23,106,48
Psalms,Ps,23,107,43
Psalms,Ps,23,108,14
Psalms,Ps,23,109,31
Psalms,Ps,23,110,7
Psalms,Ps,23,111,10
Psalms,Ps,23,112,10
Psalms,Ps,23,113,9
Psalms,Ps,23,114,8
Psalms,Ps,23,115,18
Psalms,Ps,23,116,19
Psalms,Ps,23,117,2
Psalms,Ps,23,118,29
Psalms,Ps,23,119,176
Psalms,Ps,23,120,7
Psalms,Ps,23,121,8
Psalms,Ps,23,122,9
Psalms,Ps,23,123,4
Psalms,Ps,23,124,8
Psalms,Ps,23,125,5
Psalms,Ps,23,126,6
Psalms,Ps,23,127,5
Psalms,Ps,23,128,6
Psalms,Ps,23,129,8
Psalms,Ps,23,130,8
Psalms,Ps,23,131,3
Psalms,Ps,23,132,18
Psalms,Ps,23,133,3
Psalms,Ps,23,134,3
Psalms,Ps,23,135,21
Psalms,Ps,23,136,26
Psalms,Ps,23,137,9
Psalms,Ps,23,138,8
Psalms,Ps,23,139,24
Psalms,Ps,23,140,14
Psalms,Ps,23,141,10
Psalms,Ps,23,142,8
Psalms,Ps,23,143,12
Psalms,Ps,23,144,15
Psalms,Ps,23,145,21
Psalms,Ps,23,146,10
Psalms,Ps,23,147,20
Psalms,Ps,23,148,14
Psalms,Ps,23,149,9
Psalms,Ps,23,150,6
Revelation,Rev,73,1,20
Revelation,Rev,73,2,29
Revelation,Rev,73,3,22
Revelation,Rev,73,4,11
Revelation,Rev,73,5,14
Revelation,Rev,73,6,17
Revelation,Rev,73,7,17
Revelation,Rev,73,8,13
Revelation,Rev,73,9,21
Revelation,Rev,73,10,11
Revelation,Rev,73,11,19
Revelation,Rev,73,12,17
Revelation,Rev,73,13,18
Revelation,Rev,73,14,20
Revelation,Rev,73,15,8
Revelation,Rev,73,16,21
Revelation,Rev,73,17,18
Revelation,Rev,73,18,24
Revelation,Rev,73,19,21
Revelation,Rev,73,20,15
Revelation,Rev,73,21,27
Revelation,Rev,73,22,21
Romans,Rom,52,1,32
Romans,Rom,52,2,29
Romans,Rom,52,3,31
Romans,Rom,52,4,25
Romans,Rom,52,5,21
Romans,Rom,52,6,23
Romans,Rom,52,7,25
Romans,Rom,52,8,39
Romans,Rom,52,9,33
Romans,Rom,52,10,21
Romans,Rom,52,11,36
Romans,Rom,52,12,21
Romans,Rom,52,13,14
Romans,Rom,52,14,23
Romans,Rom,52,15,33
Romans,Rom,52,16,27
Ruth,Ru,8,1,22
Ruth,Ru,8,2,23
Ruth,Ru,8,3,18
Ruth,Ru,8,4,22
Sirach,Sir,28,1,29
Sirach,Sir,28,2,18
Sirach,Sir,28,3,30
Sirach,Sir,28,4,31
Sirach,Sir,28,5,17
Sirach,Sir,28,6,37
Sirach,Sir,28,7,36
Sirach,Sir,28,8,19
Sirach,Sir,28,9,18
Sirach,Sir,28,10,30
Sirach,Sir,28,11,34
Sirach,Sir,28,12,18
Sirach,Sir,28,13,25
Sirach,Sir,28,14,27
Sirach,Sir,28,15,20
Sirach,Sir,28,16,28
Sirach,Sir,28,17,27
Sirach,Sir,28,18,33
Sirach,Sir,28,19,26
Sirach,Sir,28,20,30
Sirach,Sir,28,21,28
Sirach,Sir,28,22,27
Sirach,Sir,28,23,27
Sirach,Sir,28,24,31
Sirach,Sir,28,25,25
Sirach,Sir,28,26,20
Sirach,Sir,28,27,30
Sirach,Sir,28,28,26
Sirach,Sir,28,29,28
Sirach,Sir,28,30,25
Sirach,Sir,28,31,31
Sirach,Sir,28,32,24
Sirach,Sir,28,33,33
Sirach,Sir,28,34,26
Sirach,Sir,28,35,24
Sirach,Sir,28,36,27
Sirach,Sir,28,37,30
Sirach,Sir,28,38,34
Sirach,Sir,28,39,35
Sirach,Sir,28,40,30
Sirach,Sir,28,41,24
Sirach,Sir,28,42,25
Sirach,Sir,28,43,35
Sirach,Sir,28,44,23
Sirach,Sir,28,45,26
Sirach,Sir,28,46,20
Sirach,Sir,28,47,25
Sirach,Sir,28,48,25
Sirach,Sir,28,49,16
Sirach,Sir,28,50,29
Sirach,Sir,28,51,30
Song+of+Solomon,Sg,26,1,17
Song+of+Solomon,Sg,26,2,17
Song+of+Solomon,Sg,26,3,11
Song+of+Solomon,Sg,26,4,16
Song+of+Solomon,Sg,26,5,16
Song+of+Solomon,Sg,26,6,12
Song+of+Solomon,Sg,26,7,14
Song+of+Solomon,Sg,26,8,14
Titus,Ti,63,1,16
Titus,Ti,63,2,15
Titus,Ti,63,3,15
Tobit,Tb,17,1,22
Tobit,Tb,17,2,14
Tobit,Tb,17,3,17
Tobit,Tb,17,4,21
Tobit,Tb,17,5,22
Tobit,Tb,17,6,18
Tobit,Tb,17,7,17
Tobit,Tb,17,8,21
Tobit,Tb,17,9,6
Tobit,Tb,17,10,14
Tobit,Tb,17,11,18
Tobit,Tb,17,12,22
Tobit,Tb,17,13,18
Tobit,Tb,17,14,15
Wisdom,Wis,27,1,16
Wisdom,Wis,27,2,24
Wisdom,Wis,27,3,19
Wisdom,Wis,27,4,20
Wisdom,Wis,27,5,23
Wisdom,Wis,27,6,25
Wisdom,Wis,27,7,30
Wisdom,Wis,27,8,21
Wisdom,Wis,27,9,18
Wisdom,Wis,27,10,21
Wisdom,Wis,27,11,27
Wisdom,Wis,27,12,27
Wisdom,Wis,27,13,19
Wisdom,Wis,27,14,31
Wisdom,Wis,27,15,19
Wisdom,Wis,27,16,29
Wisdom,Wis,27,17,21
Wisdom,Wis,27,18,25
Wisdom,Wis,27,19,22
Zechariah,Zec,44,1,17
Zechariah,Zec,44,2,17
Zechariah,Zec,44,3,10
Zechariah,Zec,44,4,14
Zechariah,Zec,44,5,11
Zechariah,Zec,44,6,15
Zechariah,Zec,44,7,14
Zechariah,Zec,44,8,23
Zechariah,Zec,44,9,17
Zechariah,Zec,44,10,12
Zechariah,Zec,44,11,17
Zechariah,Zec,44,12,14
Zechariah,Zec,44,13,9
Zechariah,Zec,44,14,21
Zephaniah,Zep,43,1,18
Zephaniah,Zep,43,2,15
Zephaniah,Zep,43,3,20
